dataset,python_fit_time_sec,julia_fit_time_sec,python_dbcv,julia_dbcv,same_labels,same_probabilities,python_clusters,julia_clusters,python_noise,julia_noise,experiment,min_cluster_size,min_samples,alpha,cluster_selection_method,dbcv_difference,fit_time_difference
circles,0.01401569999870840022015983095116,0.00396339999999999973573361344847,0.74855746322142391324661048201961,0.74855746322142391324661048201961,True,True,2,2,0,0,baseline-15-5,15,5,1.00000000000000000000000000000000,eom,0.00000000000000000000000000000000,-0.01005229999870840135178795549109
moons,0.00657289999799099983884831388536,0.00361979999999999984064413816043,0.90199760167693954215906160243321,0.90199760167693954215906160243321,True,True,2,2,0,0,baseline-15-5,15,5,1.00000000000000000000000000000000,eom,0.00000000000000000000000000000000,-0.00295309999799099999820417572494
varied,0.00568909999856249959382381575779,0.00431319999999999967310593262937,0.51902194981541183160800301266136,0.52110137849083537631145190971438,False,False,3,3,59,59,baseline-15-5,15,5,1.00000000000000000000000000000000,eom,0.00207942867542354470344889705302,-0.00137589999856249992071788312842
aniso,0.00634039999931699984475619302771,3.26036739999999980454958858899772,0.64233030834608573211852444728720,0.64233030834608573211852444728720,True,True,3,3,9,9,baseline-15-5,15,5,1.00000000000000000000000000000000,eom,0.00000000000000000000000000000000,3.25402700000068278995968285016716
blobs,0.00626619999820829994691129272155,0.00351909999999999983238962997234,0.85912907350495759661868078183034,0.85912907350495759661868078183034,True,True,2,2,5,5,baseline-15-5,15,5,1.00000000000000000000000000000000,eom,0.00000000000000000000000000000000,-0.00274709999820830011452166274921
no_structure,0.00647100000060159968873207958495,0.00339669999999999989298560265638,0.28389133639150621046809419567580,0.25853413179412521039068906247849,False,False,11,11,185,187,baseline-15-5,15,5,1.00000000000000000000000000000000,eom,-0.02535720459738100007740513319732,-0.00307430000060159979574647692857
heartfailure,0.00719770000068819994915036986072,0.85347939999999999916013848633156,0.53118074611338506052504726540064,0.70252379334565162594117282424122,False,False,4,4,26,26,baseline-15-5,15,5,1.00000000000000000000000000000000,eom,0.17134304723226656541612555884058,0.84628169999931179834362637848244
cardiacarrest,0.00729239999782289958357717196691,0.56561660000000002490594397386303,,,False,False,3,2,226,293,baseline-15-5,15,5,1.00000000000000000000000000000000,eom,,0.55832420000217708455636511644116
neuroblastoma,0.00223270000060429981911247487858,0.61768900000000004357758598416694,0.17751169219933338183636806206778,0.18362419703191529274377558067499,False,False,2,2,102,99,baseline-15-5,15,5,1.00000000000000000000000000000000,eom,0.00611250483258191090740751860722,0.61545629999939577281509173189988
sepsis,0.03202909999890830167190713950731,0.64035940000000002303437440787093,0.08886291636319981757097252739186,0.08869171384579023487138016434983,False,False,4,4,922,923,baseline-15-5,15,5,1.00000000000000000000000000000000,eom,-0.00017120251740958269959236304203,0.60833030000109167279020994101302
type1diabetes,0.00208950000160250002820272463566,1.22538309999999994737152064772090,,,True,True,0,0,67,67,baseline-15-5,15,5,1.00000000000000000000000000000000,eom,,1.22329359999839737405125106306514
circles,0.01131370000075540040163080135471,0.00368160000000000015019097077129,0.74855746322142391324661048201961,0.74855746322142391324661048201961,True,True,2,2,0,0,baseline-10-5,10,5,1.00000000000000000000000000000000,eom,0.00000000000000000000000000000000,-0.00763210000075540025143983058342
moons,0.00965179999911919966892881461717,0.00386680000000000009818812429785,0.90199760167693954215906160243321,0.90199760167693954215906160243321,True,True,2,2,0,0,baseline-10-5,10,5,1.00000000000000000000000000000000,eom,0.00000000000000000000000000000000,-0.00578499999911919957074069031933
varied,0.00812700000096809940797193405615,0.00416709999999999997077892999187,0.51902194981541183160800301266136,0.52110137849083537631145190971438,False,False,3,3,59,59,baseline-10-5,10,5,1.00000000000000000000000000000000,eom,0.00207942867542354470344889705302,-0.00395990000096809943719300406428
aniso,0.00919760000033419990173033653491,3.99450620000000000686668499838561,0.64233030834608573211852444728720,0.64233030834608573211852444728720,True,False,3,3,9,9,baseline-10-5,10,5,1.00000000000000000000000000000000,eom,0.00000000000000000000000000000000,3.98530859999966580176078423392028
blobs,0.00628969999888789963599089460899,0.00364489999999999996285748871117,0.85912907350495759661868078183034,0.85912907350495759661868078183034,True,True,2,2,5,5,baseline-10-5,10,5,1.00000000000000000000000000000000,eom,0.00000000000000000000000000000000,-0.00264479999888789967313340589783
no_structure,0.00706890000219569970829613936303,0.00450639999999999981555864891902,0.23791354043779544547021487232996,0.25275450499972473838994346806430,False,False,13,13,177,178,baseline-10-5,10,5,1.00000000000000000000000000000000,eom,0.01484096456192929291972859573434,-0.00256250000219569989273749044401
heartfailure,0.00664289999986060041708979539976,0.83689599999999997326227685334743,0.54298074796820772203176375114708,0.60962213495010930675022109426209,False,False,5,5,49,50,baseline-10-5,10,5,1.00000000000000000000000000000000,eom,0.06664138698190158471845734311501,0.83025310000013941014174179144902
cardiacarrest,0.00556749999668679999148546144738,0.56157800000000002160760459446465,,,False,False,2,2,121,115,baseline-10-5,10,5,1.00000000000000000000000000000000,eom,,0.55601050000331320166679915928398
neuroblastoma,0.00253960000190999986638407115436,0.61212679999999997093595993646886,,,False,False,4,4,94,90,baseline-10-5,10,5,1.00000000000000000000000000000000,eom,,0.60958719999808996803380978235509
sepsis,0.03141170000162669950771743287987,0.67260120000000001017070871967007,0.28598648238818707989494782850670,0.12191539842450646591309748600906,False,False,2,2,282,282,baseline-10-5,10,5,1.00000000000000000000000000000000,eom,-0.16407108396368061398185034249764,0.64118949999837326902962786334683
type1diabetes,0.00170259999867990001465312133178,1.32460529999999998551629687426612,,,True,True,0,0,67,67,baseline-10-5,10,5,1.00000000000000000000000000000000,eom,,1.32290270000132004213355685351416
circles,0.00856460000068180044019428009960,0.01605519999999999863904420749350,0.74855746322142391324661048201961,0.74855746322142391324661048201961,True,True,2,2,0,0,baseline-25-15,25,15,1.00000000000000000000000000000000,eom,0.00000000000000000000000000000000,0.00749059999931819819884992739389
moons,0.00622020000082549977260537588108,0.00370550000000000002639555241046,0.90199760167693954215906160243321,0.90199760167693954215906160243321,True,True,2,2,0,0,baseline-25-15,25,15,1.00000000000000000000000000000000,eom,0.00000000000000000000000000000000,-0.00251470000082549974620982347062
varied,0.00678479999987749958501037639280,0.00416180000000000022142288003124,0.76673462955892202064234197678161,0.76498683860725003036407088075066,False,False,3,3,79,80,baseline-25-15,25,15,1.00000000000000000000000000000000,eom,-0.00174779095167199027827109603095,-0.00262299999987749936358749636156
aniso,0.00554940000074560010195900972008,3.19835730000000006967297849769238,0.71737816707320767317668241958017,0.71918887825230770616258269001264,False,False,3,3,59,58,baseline-25-15,25,15,1.00000000000000000000000000000000,eom,0.00181071117910003298590027043247,3.19280789999925440625361261481885
blobs,0.00575430000026239986399279047191,0.00437810000000000022063462168376,0.84734843434536855077965356031200,0.84734843434536855077965356031200,True,True,2,2,12,12,baseline-25-15,25,15,1.00000000000000000000000000000000,eom,0.00000000000000000000000000000000,-0.00137620000026239964335816878815
no_structure,0.00576839999848739997528879186461,0.00387149999999999994138022429979,0.30725975372021785414489158938522,0.31425601985629025847401862847619,False,False,3,3,283,284,baseline-25-15,25,15,1.00000000000000000000000000000000,eom,0.00699626613607240432912703909096,-0.00189689999848740003390856756482
heartfailure,0.00765520000277310035119437969797,0.83551860000000000017195134205394,0.59241160138163240223008187967935,0.66205406200715344322560440559755,False,False,3,3,64,65,baseline-25-15,25,15,1.00000000000000000000000000000000,eom,0.06964246062552104099552252591820,0.82786339999722691196382129419362
cardiacarrest,0.00724730000001719970592617414695,1.18178289999999996950919012306258,,,False,False,2,0,309,422,baseline-25-15,25,15,1.00000000000000000000000000000000,eom,,1.17453559999998269347543100593612
neuroblastoma,0.00297359999967730008821331644242,0.58542000000000005144329406903125,,,True,True,2,2,83,83,baseline-25-15,25,15,1.00000000000000000000000000000000,eom,,0.58244640000032277260544333330472
sepsis,0.03407630000219789845328222099852,0.75485519999999994844586126419017,0.05298384393064402980710880797233,0.05298384393064402980710880797233,True,True,2,2,1033,1033,baseline-25-15,25,15,1.00000000000000000000000000000000,eom,0.00000000000000000000000000000000,0.72077889999780209162594246663502
type1diabetes,0.00157219999891819992889063772878,0.63207800000000002871303195206565,,,True,True,0,0,67,67,baseline-25-15,25,15,1.00000000000000000000000000000000,eom,,0.63050580000108180644957656113547
circles,0.00648979999823490021071403788255,0.00659769999999999974538145153247,,,True,True,0,0,500,500,baseline-100-25,100,25,1.00000000000000000000000000000000,eom,,0.00010790000176509953466741364991
moons,0.00610660000165800034843677224217,0.00821999999999999987621013275430,0.90033826226232460676612845418276,0.90033826226232460676612845418276,True,True,2,2,1,1,baseline-100-25,100,25,1.00000000000000000000000000000000,eom,0.00000000000000000000000000000000,0.00211339999834199952777336051213
varied,0.00679740000123270002307940274022,0.00736260000000000039421799158390,0.79278142692517028500276410341030,0.79278142692517028500276410341030,True,True,2,2,68,68,baseline-100-25,100,25,1.00000000000000000000000000000000,eom,0.00000000000000000000000000000000,0.00056519999876730037113858884368
aniso,0.00732760000028060028143261916966,3.20650900000000005363176569517236,0.41953560498427849845270998230262,0.74083918361713929634504438581644,False,False,2,2,32,32,baseline-100-25,100,25,1.00000000000000000000000000000000,eom,0.32130357863286079789233440351381,3.19918139999971939957390532072168
blobs,0.00806530000045310030420964153564,0.00679130000000000011439738045738,0.82754439342014673997027784935199,0.82739587156760296959845391029376,False,False,2,2,24,24,baseline-100-25,100,25,1.00000000000000000000000000000000,eom,-0.00014852185254377037182393905823,-0.00127400000045310018981226107826
no_structure,0.00612809999802260002566001162450,0.00862779999999999970550224048793,,,True,True,0,0,500,500,baseline-100-25,100,25,1.00000000000000000000000000000000,eom,,0.00249970000197739967984222886344
heartfailure,0.00890319999962230039514121671118,0.83789829999999998477733242907561,0.61369767205905334517268556737690,0.64116502956859422468482989643235,False,False,2,2,98,98,baseline-100-25,100,25,1.00000000000000000000000000000000,eom,0.02746735750954087951214432905545,0.82899510000037768264746773638763
cardiacarrest,0.00811550000071289967529253317480,0.62113649999999998030375536473002,,,True,True,0,0,422,422,baseline-100-25,100,25,1.00000000000000000000000000000000,eom,,0.61302099999928705287288721592631
neuroblastoma,0.00263450000056759990954557970610,1.23607439999999990654089288000250,,,True,True,0,0,169,169,baseline-100-25,100,25,1.00000000000000000000000000000000,eom,,1.23343989999943226543166474584723
sepsis,0.03626330000042789908354379235789,0.67133319999999996330330986893387,,,True,True,0,0,1257,1257,baseline-100-25,100,25,1.00000000000000000000000000000000,eom,,0.63506989999957208503644778829766
type1diabetes,0.00169520000054030001504501434795,0.61999619999999999730988520241226,,,True,True,0,0,67,67,baseline-100-25,100,25,1.00000000000000000000000000000000,eom,,0.61830099999945964395209330177750
circles,0.00818319999962109981272995185009,0.00599889999999999971869169002048,,,True,True,0,0,500,500,baseline-200-50,200,50,1.00000000000000000000000000000000,eom,,-0.00218429999962110009403826182961
moons,0.00860330000068640007859777085741,0.67031569999999995879136349685723,0.78814188496314074861004428385058,0.78814188496314074861004428385058,True,True,2,2,74,74,baseline-200-50,200,50,1.00000000000000000000000000000000,eom,0.00000000000000000000000000000000,0.66171239999931352748774315841729
varied,0.00732860000061909960811235009714,0.00642590000000000001467714838554,,,True,True,0,0,500,500,baseline-200-50,200,50,1.00000000000000000000000000000000,eom,,-0.00090270000061909959343520171160
aniso,0.00704720000067019999856476886180,3.03432810000000019456933841865975,,,True,True,0,0,500,500,baseline-200-50,200,50,1.00000000000000000000000000000000,eom,,3.02728089999932992171238765877206
blobs,0.00753299999996670001378706871265,0.00822810000000000034414693317331,,,True,True,0,0,500,500,baseline-200-50,200,50,1.00000000000000000000000000000000,eom,,0.00069510000003330033035986446066
no_structure,0.00719150000077199962750240658238,0.00633259999999999986103338400767,,,True,True,0,0,500,500,baseline-200-50,200,50,1.00000000000000000000000000000000,eom,,-0.00085890000077199976646902257471
heartfailure,0.00875369999994289951783521530615,0.82804290000000002613944616314257,,,True,True,0,0,425,425,baseline-200-50,200,50,1.00000000000000000000000000000000,eom,,0.81928920000005711621327009197557
cardiacarrest,0.00722339999992979969051232203014,0.56386309999999995046238154827734,,,True,True,0,0,422,422,baseline-200-50,200,50,1.00000000000000000000000000000000,eom,,0.55663970000007012561837882458349
neuroblastoma,0.00277540000024600018446729876587,0.60109740000000000392788024328183,,,True,True,0,0,169,169,baseline-200-50,200,50,1.00000000000000000000000000000000,eom,,0.59832199999975399506979556463193
sepsis,0.04256159999931689863483796898436,0.73768750000000005151434834260726,,,True,True,0,0,1257,1257,baseline-200-50,200,50,1.00000000000000000000000000000000,eom,,0.69512590000068319451287379706628
type1diabetes,0.00165670000205859991801449204729,0.63082559999999998634478970416239,,,True,True,0,0,67,67,baseline-200-50,200,50,1.00000000000000000000000000000000,eom,,0.62916889999794134435973091967753
circles,0.02687660000083259836944904463962,0.00401880000000000032339686484306,0.74855746322142391324661048201961,0.74855746322142391324661048201961,True,True,2,2,0,0,manhattan-10-5,10,5,1.00000000000000000000000000000000,eom,0.00000000000000000000000000000000,-0.02285780000083259891341391778496
moons,0.00681299999996550029873754183996,0.00358500000000000007896461262646,0.90199760167693954215906160243321,0.90199760167693954215906160243321,True,True,2,2,0,0,manhattan-10-5,10,5,1.00000000000000000000000000000000,eom,0.00000000000000000000000000000000,-0.00322799999996550021977292921349
varied,0.00570760000118749992459310504955,0.00371179999999999990847876496503,0.44652902431128782545499689149437,0.44854832727142457393654240149772,False,False,3,3,58,58,manhattan-10-5,10,5,1.00000000000000000000000000000000,eom,0.00201930296013674848154551000334,-0.00199580000118750001611434008453
aniso,0.00633459999880859984944247997873,3.32936940000000003436753104324453,0.61814807631235746399056552036200,0.61854787843804404090519710734952,False,False,3,3,12,12,manhattan-10-5,10,5,1.00000000000000000000000000000000,eom,0.00039980212568657691463158698753,3.32303480000119133563885043258779
blobs,0.00618529999701420037105936700073,0.00529389999999999982110976404215,0.85434893199502248695154094093596,0.85434893199502248695154094093596,True,True,2,2,8,8,manhattan-10-5,10,5,1.00000000000000000000000000000000,eom,0.00000000000000000000000000000000,-0.00089139999701420054994960295858
no_structure,0.00589019999824810010918829661364,0.00963939999999999935775818471484,0.30295770534533988938008519653522,0.33639182769090408831047511739598,False,False,13,13,189,192,manhattan-10-5,10,5,1.00000000000000000000000000000000,eom,0.03343412234556419893038992086076,0.00374920000175189924856988810120
heartfailure,0.00662999999985910016403467537316,0.83880310000000002368381046835566,0.64803065256195024890217837310047,0.64803065256195024890217837310047,True,True,5,5,45,45,manhattan-10-5,10,5,1.00000000000000000000000000000000,eom,0.00000000000000000000000000000000,0.83217310000014088622322105948115
cardiacarrest,0.00672279999707820017512682753136,0.67645869999999996835526872018818,,,False,False,3,3,234,333,manhattan-10-5,10,5,1.00000000000000000000000000000000,eom,,0.66973590000292171353635239938740
neuroblastoma,0.00242040000011910011110116691668,1.26157249999999998557598246406997,0.07429322813937785929816470797959,,False,False,2,0,121,169,manhattan-10-5,10,5,1.00000000000000000000000000000000,eom,,1.25915209999988086941868914436782
sepsis,0.04533199999787029810249805450439,0.73245579999999999021298435764038,0.22370014411470212634114318461798,0.44126909910303063755421248970379,False,False,2,2,321,321,manhattan-10-5,10,5,1.00000000000000000000000000000000,eom,0.21756895498832851121306930508581,0.68712380000212969211048630313599
type1diabetes,0.00145839999822780009598732764431,0.68319770000000001886064637801610,,,True,True,0,0,67,67,manhattan-10-5,10,5,1.00000000000000000000000000000000,eom,,0.68173930000177218602175344130956
circles,0.00734039999952069976973945131249,0.00354710000000000007930323064897,0.74855746322142391324661048201961,0.74855746322142391324661048201961,True,True,2,2,0,0,manhattan-15-5,15,5,1.00000000000000000000000000000000,eom,0.00000000000000000000000000000000,-0.00379329999952069969043622066351
moons,0.00668099999893450018778606747105,0.00352369999999999983578136131257,0.90199760167693954215906160243321,0.90199760167693954215906160243321,True,True,2,2,0,0,manhattan-15-5,15,5,1.00000000000000000000000000000000,eom,0.00000000000000000000000000000000,-0.00315729999893450035200470615848
varied,0.00578320000204250034281372450096,0.00353959999999999995121124918285,0.44652902431128782545499689149437,0.44854832727142457393654240149772,False,False,3,3,58,58,manhattan-15-5,15,5,1.00000000000000000000000000000000,eom,0.00201930296013674848154551000334,-0.00224360000204250039160247531811
aniso,0.00667299999986419988678987280650,3.32325550000000013994849723530933,0.61814807631235746399056552036200,0.61854787843804404090519710734952,False,False,3,3,12,12,manhattan-15-5,15,5,1.00000000000000000000000000000000,eom,0.00039980212568657691463158698753,3.31658250000013588021374744130298
blobs,0.00614810000115529990682983196848,0.00338600000000000012079226507922,0.85434893199502248695154094093596,0.85434893199502248695154094093596,True,True,2,2,8,8,manhattan-15-5,15,5,1.00000000000000000000000000000000,eom,0.00000000000000000000000000000000,-0.00276210000115529978603756688926
no_structure,0.00622369999837239958051515742454,0.00337140000000000009117151478222,-0.42429523317612982680202549090609,-0.42429523317612982680202549090609,True,True,2,2,42,42,manhattan-15-5,15,5,1.00000000000000000000000000000000,eom,0.00000000000000000000000000000000,-0.00285229999837239948934364264232
heartfailure,0.00691889999870900010425778248191,0.83109109999999997153707909092191,0.62643859032536941544577757667867,0.62643859032536941544577757667867,True,True,4,4,42,42,manhattan-15-5,15,5,1.00000000000000000000000000000000,eom,0.00000000000000000000000000000000,0.82417220000129098878005606820807
cardiacarrest,0.00726030000078019960296771273534,0.67633900000000002350475369894411,,,False,False,3,2,234,329,manhattan-15-5,15,5,1.00000000000000000000000000000000,eom,,0.66907869999921987247404331355938
neuroblastoma,0.00202319999880270010028660010448,1.22378429999999993604831161064794,,,True,True,0,0,169,169,manhattan-15-5,15,5,1.00000000000000000000000000000000,eom,,1.22176110000119719778410853905370
sepsis,0.04624519999924810165214950075097,0.71559559999999999835296193850809,-0.00785052562255248581601918544948,-0.00785052562255248581601918544948,True,True,2,2,956,956,manhattan-15-5,15,5,1.00000000000000000000000000000000,eom,0.00000000000000000000000000000000,0.66935040000075185506744901431375
type1diabetes,0.00144680000084909990941406388032,0.67417800000000005500311317518936,,,True,True,0,0,67,67,manhattan-15-5,15,5,1.00000000000000000000000000000000,eom,,0.67273119999915098610188124439446
circles,0.00755040000149159989256686387193,0.00495060000000000031278313272765,0.74533529762485795089332896168344,0.74533529762485795089332896168344,True,True,2,2,3,3,manhattan-25-15,25,15,1.00000000000000000000000000000000,eom,0.00000000000000000000000000000000,-0.00259980000149159957978373114429
moons,0.00597800000105049977178195419469,0.00469650000000000015371037775935,0.90199760167693954215906160243321,0.90199760167693954215906160243321,True,True,2,2,0,0,manhattan-25-15,25,15,1.00000000000000000000000000000000,eom,0.00000000000000000000000000000000,-0.00128150000105049961807157643534
varied,0.00560779999796059969163763980760,0.00616120000000000035689229349600,0.77551337173732659557856550236465,0.77554195943808257318607957131462,False,False,3,3,86,86,manhattan-25-15,25,15,1.00000000000000000000000000000000,eom,0.00002858770075597760751406894997,0.00055340000203940066525465368841
aniso,0.00575640000170089989606214686546,3.31388190000000015800196706550196,0.72420996720327601714473075844580,0.72610425030022218706449166347738,False,False,3,3,55,54,manhattan-25-15,25,15,1.00000000000000000000000000000000,eom,0.00189428309694616991976090503158,3.30812549999829919045168935554102
blobs,0.00640890000067880025863553683507,0.00506600000000000019045875987445,0.84412967316390885574861613349640,0.84412967316390885574861613349640,True,True,2,2,14,14,manhattan-25-15,25,15,1.00000000000000000000000000000000,eom,0.00000000000000000000000000000000,-0.00134290000067880006817677696063
no_structure,0.00580600000103000026679955780651,0.00357690000000000004470868120166,0.27657594926598538798145909822779,0.27382931625851603119059518576250,False,False,5,5,257,260,manhattan-25-15,25,15,1.00000000000000000000000000000000,eom,-0.00274663300746935679086391246528,-0.00222910000103000022209087660485
heartfailure,0.01064519999999899955989146604907,0.82880989999999998829594005655963,0.70848774164303707223666606296320,0.73557435411790983437185786897317,False,False,3,3,81,82,manhattan-25-15,25,15,1.00000000000000000000000000000000,eom,0.02708661247487276213519180600997,0.81816470000000096618464340281207
cardiacarrest,0.00704969999787859961243308148937,0.60006090000000000816982037576963,,,False,False,2,0,349,422,manhattan-25-15,25,15,1.00000000000000000000000000000000,eom,,0.59301120000212137473027951273252
neuroblastoma,0.00296890000026900011120822853172,1.23060539999999996041424310533330,,,True,True,0,0,169,169,manhattan-25-15,25,15,1.00000000000000000000000000000000,eom,,1.22763649999973090132243669359013
sepsis,0.05097810000006570280151052543260,0.71194230000000002789306563499849,0.10792627506074492504950512739015,0.09536452646144588651822004976566,False,False,2,2,1089,1090,manhattan-25-15,25,15,1.00000000000000000000000000000000,eom,-0.01256174859929903853128507762449,0.66096419999993427651929778221529
type1diabetes,0.00173150000046000005979318636662,0.67696800000000001418243300577160,,,True,True,0,0,67,67,manhattan-25-15,25,15,1.00000000000000000000000000000000,eom,,0.67523649999954005185287542190054
circles,0.01455350000105679920958667850073,0.00557939999999999998447908211574,,,True,True,0,0,500,500,manhattan-100-25,100,25,1.00000000000000000000000000000000,eom,,-0.00897410000105679922510759638499
moons,0.00863159999789779933121458554979,0.00762670000000000014583889651476,0.90199760167693954215906160243321,0.90199760167693954215906160243321,True,True,2,2,0,0,manhattan-100-25,100,25,1.00000000000000000000000000000000,eom,0.00000000000000000000000000000000,-0.00100489999789779918537568903503
varied,0.00923789999797000084547082821018,0.00782429999999999931103999983861,0.67795690714305589796850881612045,0.67795690714305589796850881612045,True,True,2,2,66,66,manhattan-100-25,100,25,1.00000000000000000000000000000000,eom,0.00000000000000000000000000000000,-0.00141359999797000153443082837157
aniso,0.01156240000273099990946157333838,5.17173700000000025056579033844173,0.78067003196792095209843864722643,0.78067003196792095209843864722643,True,True,2,2,38,38,manhattan-100-25,100,25,1.00000000000000000000000000000000,eom,0.00000000000000000000000000000000,5.16017459999726924024798790924251
blobs,0.01123290000032279960240355620726,0.01185779999999999993753885263459,0.83393647560960559861342744625290,0.83393647560960559861342744625290,True,True,2,2,20,20,manhattan-100-25,100,25,1.00000000000000000000000000000000,eom,0.00000000000000000000000000000000,0.00062489999967720033513529642732
no_structure,0.00927600000068190023994052495482,0.01071169999999999934703343029696,,,True,True,0,0,500,500,manhattan-100-25,100,25,1.00000000000000000000000000000000,eom,,0.00143569999931809910709290534214
heartfailure,0.01224619999993590072073779140283,1.43176170000000002602291715447791,0.65373299869710654874666033720132,0.67972394362551991076060176055762,False,False,2,2,116,116,manhattan-100-25,100,25,1.00000000000000000000000000000000,eom,0.02599094492841336201394142335630,1.41951550000006410101605069939978
cardiacarrest,0.01272169999720059938019822709521,1.37776629999999999931503680272726,,,True,True,0,0,422,422,manhattan-100-25,100,25,1.00000000000000000000000000000000,eom,,1.36504460000279936870981600804953
neuroblastoma,0.00394889999734000015502166647252,1.96901239999999999596980160276871,,,True,True,0,0,169,169,manhattan-100-25,100,25,1.00000000000000000000000000000000,eom,,1.96506350000265994637516087095719
sepsis,0.08956649999890939350954965902929,1.23457710000000009387122190673836,,,True,True,0,0,1257,1257,manhattan-100-25,100,25,1.00000000000000000000000000000000,eom,,1.14501060000109067260609663208015
type1diabetes,0.00260949999938020005610384011163,1.21490830000000005206572950555710,,,True,True,0,0,67,67,manhattan-100-25,100,25,1.00000000000000000000000000000000,eom,,1.21229880000061984723913610650925
circles,0.01648700000077949964771839574951,0.00599240000000000015700774014249,,,True,True,0,0,500,500,manhattan-200-50,200,59,1.00000000000000000000000000000000,eom,,-0.01049460000077949949071065560702
moons,0.00775680000151619981896278233080,0.00543450000000000009447997939560,,,True,True,0,0,500,500,manhattan-200-50,200,59,1.00000000000000000000000000000000,eom,,-0.00232230000151619972448280293520
varied,0.00877500000206049915463246691161,0.00644579999999999979365394864317,,,True,True,0,0,500,500,manhattan-200-50,200,59,1.00000000000000000000000000000000,eom,,-0.00232920000206049936097851826844
aniso,0.00794339999993090052632371822483,3.23942830000000014933903003111482,,,True,True,0,0,500,500,manhattan-200-50,200,59,1.00000000000000000000000000000000,eom,,3.23148490000006916034180903807282
blobs,0.00881670000308070085648370906029,0.00571659999999999963310459705212,,,True,True,0,0,500,500,manhattan-200-50,200,59,1.00000000000000000000000000000000,eom,,-0.00310010000308070122337911200816
no_structure,0.00783999999839569972071018355564,0.00575670000000000001150191053512,,,True,True,0,0,500,500,manhattan-200-50,200,59,1.00000000000000000000000000000000,eom,,-0.00208329999839569970920827302052
heartfailure,0.00957670000207140083292589594066,0.84436100000000002818723032760317,,,True,True,0,0,425,425,manhattan-200-50,200,59,1.00000000000000000000000000000000,eom,,0.83478429999792858051677058028872
cardiacarrest,0.00968239999929209997631129880347,0.61598500000000000476063632959267,,,True,True,0,0,422,422,manhattan-200-50,200,59,1.00000000000000000000000000000000,eom,,0.60630260000070790304960155481240
neuroblastoma,0.00324160000309339996552027152177,0.63640200000000002322764203199768,,,True,True,0,0,169,169,manhattan-200-50,200,59,1.00000000000000000000000000000000,eom,,0.63316039999690665318610172107583
sepsis,0.06432059999860939569771289825439,0.78124590000000004863522917730734,,,True,True,0,0,1257,1257,manhattan-200-50,200,59,1.00000000000000000000000000000000,eom,,0.71692530000139065293751627905294
type1diabetes,0.00167430000146849989467456865100,0.68392669999999999852491328056203,,,True,True,0,0,67,67,manhattan-200-50,200,59,1.00000000000000000000000000000000,eom,,0.68225239999853148908925959403859
circles,0.01672400000097689840017345375145,0.00979030000000000004412026299860,0.74855746322142391324661048201961,0.74855746322142391324661048201961,True,False,2,2,0,0,chebyshev-10-5,10,5,1.00000000000000000000000000000000,eom,0.00000000000000000000000000000000,-0.00693370000097689835605319075285
moons,0.01202600000033269937727009590844,0.00937389999999999924684690455479,0.90199760167693954215906160243321,0.90199760167693954215906160243321,True,True,2,2,0,0,chebyshev-10-5,10,5,1.00000000000000000000000000000000,eom,0.00000000000000000000000000000000,-0.00265210000033270013042319135366
varied,0.01037969999742919917362637960423,0.00525130000000000041193715105692,0.51547607840590203842623395757983,0.51547607840590203842623395757983,True,False,3,3,50,50,chebyshev-10-5,10,5,1.00000000000000000000000000000000,eom,0.00000000000000000000000000000000,-0.00512839999742919876168922854731
aniso,0.01064549999864529937487755972825,4.72451889999999963265508995391428,0.63894839487365029384591252892278,0.52942079472745684487478001756244,False,False,3,4,12,28,chebyshev-10-5,10,5,1.00000000000000000000000000000000,eom,-0.10952760014619344897113251136034,4.71387340000135424133986816741526
blobs,0.01209120000203250076820093994456,0.00493940000000000004054534485931,0.85737894909254408482013332104543,0.85737894909254408482013332104543,True,True,2,2,6,6,chebyshev-10-5,10,5,1.00000000000000000000000000000000,eom,0.00000000000000000000000000000000,-0.00715180000203250072765559508525
no_structure,0.01247810000131720047089611824731,0.00394200000000000019134693829415,0.26437192654117058765450565260835,0.29540862265277506581995226042636,False,False,12,12,195,197,chebyshev-10-5,10,5,1.00000000000000000000000000000000,eom,0.03103669611160447816544660781801,-0.00853610000131720114691091794157
heartfailure,0.01729380000324449995208198060936,1.48202780000000000626414475846104,0.61768332167705064517093660469982,0.63700751994857451876441700733267,False,False,5,5,27,27,chebyshev-10-5,10,5,1.00000000000000000000000000000000,eom,0.01932419827152387359348040263285,1.46473399999675546467869935440831
cardiacarrest,0.01061229999686470054642839500048,0.96175299999999996902744214821723,,,False,False,6,3,279,295,chebyshev-10-5,10,5,1.00000000000000000000000000000000,eom,,0.95114070000313521990875642586616
neuroblastoma,0.00464900000224580025459664156529,1.39338099999999998068744844204048,,,False,False,5,4,56,76,chebyshev-10-5,10,5,1.00000000000000000000000000000000,eom,,1.38873199999775409629876321560005
sepsis,0.09892159999799329805902914358740,1.13429230000000003109050794591894,-0.25551168399075641080031573437736,-0.26016769975236969658638486180280,False,False,4,3,455,477,chebyshev-10-5,10,5,1.00000000000000000000000000000000,eom,-0.00465601576161328578606912742543,1.03537070000200670527590318670264
type1diabetes,0.00276280000252879980385256608599,1.98164779999999995929726992471842,,,True,True,0,0,67,67,chebyshev-10-5,10,5,1.00000000000000000000000000000000,eom,,1.97888499999747113911041651590494
circles,0.00896980000106849945096243459375,0.00562710000000000033076874572657,0.74855746322142391324661048201961,0.74855746322142391324661048201961,True,True,2,2,0,0,chebyshev-15-5,15,5,1.00000000000000000000000000000000,eom,0.00000000000000000000000000000000,-0.00334270000106849912019368886718
moons,0.00688200000149659981557581645006,0.00565240000000000013258283360074,0.90199760167693954215906160243321,0.90199760167693954215906160243321,True,True,2,2,0,0,chebyshev-15-5,15,5,1.00000000000000000000000000000000,eom,0.00000000000000000000000000000000,-0.00122960000149659968299298284933
varied,0.00633679999737059990172483026072,0.00362390000000000021135315719789,0.51547607840590203842623395757983,0.51547607840590203842623395757983,True,True,3,3,50,50,chebyshev-15-5,15,5,1.00000000000000000000000000000000,eom,0.00000000000000000000000000000000,-0.00271289999737059969037167306283
aniso,0.00668560000121940032485889915392,3.25410980000000016332251107087359,0.63894839487365029384591252892278,0.64035331144807661196693970850902,False,False,3,3,12,11,chebyshev-15-5,15,5,1.00000000000000000000000000000000,eom,0.00140491657442631812102717958624,3.24742419999878073610943829407915
blobs,0.00563330000295530000653521085496,0.00701569999999999971418418454050,0.85737894909254408482013332104543,0.85737894909254408482013332104543,True,True,2,2,6,6,chebyshev-15-5,15,5,1.00000000000000000000000000000000,eom,0.00000000000000000000000000000000,0.00138239999704469970764897368554
no_structure,0.00640650000059389979761848010753,0.00332570000000000001033617635926,-0.04528676424858842780585277409955,-0.15379709343338848759330517168564,False,False,3,3,79,79,chebyshev-15-5,15,5,1.00000000000000000000000000000000,eom,-0.10851032918480005284855849367887,-0.00308080000059389978728230374827
heartfailure,0.01045379999777650004144646800341,0.82879159999999996166764049121412,0.63505950109637898659542543100542,0.68944770779443076413883773057023,False,False,4,4,37,37,chebyshev-15-5,15,5,1.00000000000000000000000000000000,eom,0.05438820669805177754341229956481,0.81833780000222344774840621539624
cardiacarrest,0.00687390000166479987059320322373,0.60414619999999996657891188078793,,,False,False,5,3,293,295,chebyshev-15-5,15,5,1.00000000000000000000000000000000,eom,,0.59727229999833519880070298313512
neuroblastoma,0.00304700000197040020075145427825,0.57059340000000002834923407135648,,0.27116611460285566792549616366159,False,False,4,3,48,89,chebyshev-15-5,15,5,1.00000000000000000000000000000000,eom,,0.56754639999802958261199137268704
sepsis,0.05947089999972370033543000999998,0.62169160000000001087272494260105,-0.26709634865050702057232001607190,-0.26430595692661268403256258352485,False,False,2,2,482,491,chebyshev-15-5,15,5,1.00000000000000000000000000000000,eom,0.00279039172389433653975743254705,0.56222070000027635217065835604444
type1diabetes,0.00231090000306719998632298818109,1.22887959999999996085762177244760,,,True,True,0,0,67,67,chebyshev-15-5,15,5,1.00000000000000000000000000000000,eom,,1.22656869999693274309038315550424
circles,0.00707310000143470014866142747678,0.01728390000000000134572353260864,0.72490733719125222123125240614172,0.72490733719125222123125240614172,True,True,2,2,7,7,chebyshev-25-15,25,15,1.00000000000000000000000000000000,eom,0.00000000000000000000000000000000,0.01021079999856530119706210513186
moons,0.00609570000233360023006445871374,0.00477680000000000031662450439285,0.90199760167693954215906160243321,0.90199760167693954215906160243321,True,True,2,2,0,0,chebyshev-25-15,25,15,1.00000000000000000000000000000000,eom,0.00000000000000000000000000000000,-0.00131890000233359991343995432089
varied,0.00640260000000120003960102366136,0.00381830000000000016613377340491,0.73981583301240538830256809887942,0.73863864801729683939868209563429,False,False,3,3,74,75,chebyshev-25-15,25,15,1.00000000000000000000000000000000,eom,-0.00117718499510854890388600324513,-0.00258430000000119987346725025645
aniso,0.00652519999857749995880729088071,3.25263159999999995619646142586134,0.68869516566220523312580326091847,0.68869516566220523312580326091847,True,True,3,3,76,76,chebyshev-25-15,25,15,1.00000000000000000000000000000000,eom,0.00000000000000000000000000000000,3.24610640000142236516467164619826
blobs,0.00667840000096469980916946695970,0.00365149999999999979802267624507,0.85256944218582375594195355006377,0.85244259027613578094673130181036,False,False,2,2,9,9,chebyshev-25-15,25,15,1.00000000000000000000000000000000,eom,-0.00012685190968797499522224825341,-0.00302690000096470001114679071463
no_structure,0.00704409999889319977245394355236,0.00385089999999999998275823642757,0.10012810124522521226797522331253,0.10012810124522521226797522331253,True,True,2,2,210,210,chebyshev-25-15,25,15,1.00000000000000000000000000000000,eom,0.00000000000000000000000000000000,-0.00319319999889319978969570712479
heartfailure,0.01132480000160280067533768999510,0.80846640000000002945768073914223,0.76141368734485248559451520122821,0.64311995273754274382582707403344,False,False,3,3,55,57,chebyshev-25-15,25,15,1.00000000000000000000000000000000,eom,-0.11829373460730974176868812719476,0.79714159999839717674063876984292
cardiacarrest,0.00724339999942449994790871770078,0.55884990000000001053592768585077,,,False,False,0,2,422,357,chebyshev-25-15,25,15,1.00000000000000000000000000000000,eom,,0.55160650000057553921095632176730
neuroblastoma,0.00255069999911929990235592846659,1.17351329999999998143778157100314,,,True,True,0,0,169,169,chebyshev-25-15,25,15,1.00000000000000000000000000000000,eom,,1.17096260000088059349820923671359
sepsis,0.06357019999995819348193037967576,0.71432510000000004612985549101722,0.03322864969206888036135083552836,0.07487946367278848491810805398927,False,True,2,2,1081,1081,chebyshev-25-15,25,15,1.00000000000000000000000000000000,eom,0.04165081398071960455675721846092,0.65075490000004188040350072697038
type1diabetes,0.00184380000064259994517479324116,0.60606110000000001925002379721263,,,True,True,0,0,67,67,chebyshev-25-15,25,15,1.00000000000000000000000000000000,eom,,0.60421729999935747112971284877858
circles,0.00684399999954620006509253826721,0.00648440000000000040664138722946,,,True,True,0,0,500,500,chebyshev-100-25,100,25,1.00000000000000000000000000000000,eom,,-0.00035959999954619965845115103775
moons,0.00667899999825740005310326097288,0.00558390000000000014807044479426,0.88639818937257586206612813839456,0.88639818937257586206612813839456,True,True,2,2,9,9,chebyshev-100-25,100,25,1.00000000000000000000000000000000,eom,0.00000000000000000000000000000000,-0.00109509999825739990503281617862
varied,0.00649770000018169962413550067026,0.00654069999999999998618882557366,0.77194593831629665370286375036812,0.77166960454504740507530868853792,False,False,2,2,72,72,chebyshev-100-25,100,25,1.00000000000000000000000000000000,eom,-0.00027633377124924862755506183021,0.00004299999981830036205332490340
aniso,0.00651540000035309967846286482995,4.80209490000000016607373254373670,0.73746003435640716805465899597039,0.73746003435640716805465899597039,True,True,2,2,30,30,chebyshev-100-25,100,25,1.00000000000000000000000000000000,eom,0.00000000000000000000000000000000,4.79557949999964705511956708505750
blobs,0.00900620000174959939309715650779,0.00579059999999999991393551113106,0.83918730568406030290162789242459,0.83906239177912145255078257832793,False,False,2,2,17,17,chebyshev-100-25,100,25,1.00000000000000000000000000000000,eom,-0.00012491390493885035084531409666,-0.00321560000174959947916164537673
no_structure,0.00639570000203089957663271647448,0.00926519999999999947781770259780,,,True,True,0,0,500,500,chebyshev-100-25,100,25,1.00000000000000000000000000000000,eom,,0.00286949999796909990118498612333
heartfailure,0.01196410000193279948854652161572,1.34702079999999990711501141049666,0.61740096818043732618264129996533,0.61740096818043732618264129996533,True,True,2,2,96,96,chebyshev-100-25,100,25,1.00000000000000000000000000000000,eom,0.00000000000000000000000000000000,1.33505669999806708680978317715926
cardiacarrest,0.00810419999834260072757441406566,0.92159210000000002516173935873667,,,True,True,0,0,422,422,chebyshev-100-25,100,25,1.00000000000000000000000000000000,eom,,0.91348790000165747127169879604480
neuroblastoma,0.00266510000074040003664732623179,1.88444549999999999556621332885697,,,True,True,0,0,169,169,chebyshev-100-25,100,25,1.00000000000000000000000000000000,eom,,1.88178039999925950098713656188920
sepsis,0.06493609999961330592199715283641,1.05319539999999989277057466097176,,,True,True,0,0,1257,1257,chebyshev-100-25,100,25,1.00000000000000000000000000000000,eom,,0.98825930000038653133742627687752
type1diabetes,0.00202150000041000001832491861364,0.97699119999999994856665352926939,,,True,True,0,0,67,67,chebyshev-100-25,100,25,1.00000000000000000000000000000000,eom,,0.97496969999958993380317906485288
circles,0.01567169999907489993939968542236,0.00732999999999999971023179057283,,,True,True,0,0,500,500,chebyshev-200-50,200,59,1.00000000000000000000000000000000,eom,,-0.00834169999907490022916789484952
moons,0.00760330000048270015361451257263,0.01397130000000000073223649366128,,,True,True,0,0,500,500,chebyshev-200-50,200,59,1.00000000000000000000000000000000,eom,,0.00636799999951730057862198108865
varied,0.01434100000187749947289095331371,0.01370760000000000033981706337727,,,True,True,0,0,500,500,chebyshev-200-50,200,59,1.00000000000000000000000000000000,eom,,-0.00063340000187749913307388993644
aniso,0.01243830000021260012710300202343,4.60041529999999987410319590708241,,,True,True,0,0,500,500,chebyshev-200-50,200,59,1.00000000000000000000000000000000,eom,,4.58797699999978725315941119333729
blobs,0.01545189999887949978962797814575,0.00903960000000000006570299859732,,,True,True,0,0,500,500,chebyshev-200-50,200,59,1.00000000000000000000000000000000,eom,,-0.00641229999887949972392497954843
no_structure,0.01732460000130230104442574656787,0.00702739999999999961910468471160,,,True,True,0,0,500,500,chebyshev-200-50,200,59,1.00000000000000000000000000000000,eom,,-0.01029720000130230142532106185627
heartfailure,0.02235149999978600088290647818212,1.30160389999999992483026289846748,,,True,True,0,0,425,425,chebyshev-200-50,200,59,1.00000000000000000000000000000000,eom,,1.27925240000021389619178080465645
cardiacarrest,0.02041380000082420112517134214158,0.88787419999999994679740211722674,,,True,True,0,0,422,422,chebyshev-200-50,200,59,1.00000000000000000000000000000000,eom,,0.86746039999917579077504115048214
neuroblastoma,0.00729639999917700010634291629685,0.89779520000000001545004124636762,,,True,True,0,0,169,169,chebyshev-200-50,200,59,1.00000000000000000000000000000000,eom,,0.89049880000082304309927394569968
sepsis,0.12553459999980978722966540317429,1.42734650000000007352696229645517,,,True,True,0,0,1257,1257,chebyshev-200-50,200,59,1.00000000000000000000000000000000,eom,,1.30181190000019020303057004639413
type1diabetes,0.00285599999915570014127896847356,0.95735979999999998302229187174817,,,True,True,0,0,67,67,chebyshev-200-50,200,59,1.00000000000000000000000000000000,eom,,0.95450380000084433795848326553823
